一片石,一片石关|石河,北直隶,40.05,119.72
松山,松山堡|松锦,辽东,41.00,121.15
杏山,杏山驿,辽东,41.02,121.03
塔山,塔山堡,辽东,40.90,120.95
大凌河城,大凌河|大凌河堡,辽东,41.17,121.30
小凌河,小凌河堡,辽东,41.05,121.18
宁远卫,宁远|兴城|宁远城,辽东,40.62,120.72
前屯卫,前屯|中后所,辽东,40.32,120.35
中前所,中前千户所,辽东,40.03,119.92
觉华岛,菊花岛,辽东,40.47,120.83
广宁,广宁卫|北镇,辽东,41.60,121.80
义州,义州卫|义县,辽东,41.53,121.24
右屯卫,右屯,辽东,41.05,121.55
辽阳,辽阳城|辽东都司,辽东,41.27,123.18
沈阳,沈阳中卫|盛京,辽东,41.80,123.43
抚顺,抚顺关|抚顺城,辽东,41.88,123.96
清河堡,清河城,辽东,41.25,124.35
萨尔浒,萨尔浒城,辽东,41.80,124.25
赫图阿拉,兴京|老城,辽东,41.72,124.90
铁岭,铁岭卫,辽东,42.29,123.84
开原,开原城,辽东,42.54,124.04
蒲河,蒲河所,辽东,41.95,123.52
三岔河,三岔河堡,辽东,40.87,122.30
海州卫,海城,辽东,40.88,122.75
盖州,盖州卫|盖县,辽东,40.40,122.35
复州,复州卫,辽东,39.72,121.62
金州,金州卫|金县,辽东,39.05,121.72
旅顺,旅顺口,辽东,38.85,121.25
凤凰城,凤凰城堡,辽东,40.45,124.07
镇江城,镇江堡|九连城,辽东,40.13,124.38
皮岛,东江镇|椵岛,辽东,39.78,124.30
铁山,铁山宣川,辽东,39.85,124.35
宽甸,宽甸堡,辽东,40.73,124.78
岫岩,岫岩堡,辽东,40.28,123.28
居庸关,居庸,北直隶,40.35,116.08
紫荆关,紫荆,北直隶,39.35,115.18
倒马关,倒马,北直隶,38.95,114.63
龙井关,龙井,北直隶,40.30,118.35
大安口,大安,北直隶,40.25,117.95
洪山口,洪山,北直隶,40.28,118.15
墙子岭,墙子岭关,北直隶,40.40,117.20
青山口,青山关,北直隶,40.15,118.25
冷口,冷口关,北直隶,40.10,118.85
喜峰口,喜峰,北直隶,40.40,118.30
马兰峪,马兰关,北直隶,40.20,117.65
古北口,古北,北直隶,40.68,117.12
黄崖关,黄崖,北直隶,40.25,117.45
贾庄,巨鹿贾庄,北直隶,37.22,115.03
山海关,榆关|渝关,北直隶,40.00,119.75
天津卫,天津,北直隶,39.13,117.20
三河,三河县,北直隶,39.98,117.07
香河,香河县,北直隶,39.73,117.00
顺义,顺义县,北直隶,40.13,116.65
平谷,平谷县,北直隶,40.14,117.12
良乡,良乡县,北直隶,39.74,116.13
固安,固安县,北直隶,39.44,116.30
永清,永清县,北直隶,39.32,116.50
漷县,漷县,北直隶,39.72,116.72
西山,西山,北直隶,40.00,116.20
煤山,万岁山|景山,北直隶,39.93,116.40
凤阳皇陵,皇陵,南直隶,32.87,117.53
朱仙镇,朱仙,河南,34.74,114.31
柿园,柿园之役,河南,34.05,113.20
郏县,郏州,河南,33.97,113.21
渑池渡,渑池,河南,34.77,111.77
城父,城父寨,安徽,33.53,115.92
芒砀山,芒砀,河南,34.10,116.55
九宫山,九宫,湖北,29.45,114.55
车箱峡,车箱,陕西,32.55,109.00
玛瑙山,玛瑙山之战,四川,32.00,108.20
潼关,潼关卫,陕西,34.54,110.25
函谷关,函谷,河南,34.52,110.90
武关,武关,陕西,33.52,111.05
散关,大散关,陕西,34.10,107.05
宁武关,宁武,山西,39.00,112.30
雁门关,雁门,山西,39.35,112.83
偏头关,偏头,山西,39.43,111.50
娘子关,娘子,山西,37.95,113.85
固关,固关,山西,37.90,113.75
石岭关,石岭,山西,38.10,112.55
忻口,忻口,山西,38.45,112.75
平型关,平型,山西,39.32,113.92
杀虎口,杀虎堡,山西,40.20,112.30
得胜堡,得胜口,山西,40.30,113.10
榆林卫,榆林,陕西,38.29,109.73
花马池,花马,陕西,37.78,107.40
庆阳,庆阳府,陕西,35.73,107.64
平凉,平凉府,陕西,35.54,106.66
固原,固原镇,陕西,36.00,106.28
中卫,中卫,宁夏,37.51,105.18
灵州,灵州,宁夏,38.10,106.30
西宁卫,西宁,陕西,36.62,101.78
甘州,甘州卫|张掖,陕西,38.93,100.45
凉州,凉州卫|武威,陕西,37.93,102.63
肃州,肃州卫|酒泉,陕西,39.74,98.51
兰州,兰州,陕西,36.06,103.83
秦州,天水|秦州,陕西,34.58,105.72
汉中,汉中府|南郑,陕西,33.07,107.02
略阳,略阳,陕西,33.33,106.16
宁羌州,宁羌|宁强,陕西,32.83,106.25
紫阳,紫阳,陕西,32.52,108.53
兴安州,兴安|安康,陕西,32.69,109.03
商州,商州|商洛,陕西,33.87,109.94
洛南,雒南,陕西,34.09,110.14
山阳,山阳,陕西,33.53,109.88
镇安,镇安,陕西,33.42,109.15
白水,白水县,陕西,35.17,109.59
米脂,米脂县,陕西,37.75,110.18
延安府,延安|肤施,陕西,36.59,109.49
安塞,安塞,陕西,36.86,109.32
绥德,绥德州,陕西,37.50,110.24
葭州,葭县|佳县,陕西,38.02,110.49
府谷,府谷县,陕西,39.03,111.07
神木,神木县,陕西,38.84,110.50
怀远堡,怀远,陕西,37.62,109.25
青涧,清涧,陕西,37.09,110.12
宜川,宜川县,陕西,36.15,110.17
安定,安定县,陕西,37.20,109.35
保安,保安县|志丹,陕西,36.82,108.78
宁州,宁州,甘肃,35.48,107.92
潼川,潼川州|三台,四川,31.10,105.09
西充,西充,四川,31.00,105.90
凤凰岭,凤凰岭,河南,34.60,113.20
兴山,兴山县,湖北,31.35,110.75
茅麓山,茅芦山|夔东,湖北,31.22,110.83
大别山,大别,湖北,31.20,115.00
八面山,八面,湖南,25.90,113.90
壶瓶山,壶瓶,湖南,29.95,110.75
九嶷山,九嶷,湖南,25.20,111.30
岳麓山,岳麓,湖南,28.18,112.95
衡山,南岳,湖南,27.25,112.70
武当山,武当,湖北,32.40,111.00
磨盘山,磨盘,云南,25.00,98.50
高黎贡山,高黎贡,云南,25.30,98.80
怒江,怒江,云南,24.60,99.20
澜沧江,澜沧,云南,24.00,100.10
铁壁关,铁壁,云南,24.15,97.75
铜壁关,铜壁,云南,24.35,97.70
蛮莫,蛮莫,云南,24.25,97.23
木邦,木邦,云南,23.60,98.10
孟密,孟密,云南,23.90,97.60
孟养,孟养,云南,24.50,97.00
孟艮,孟艮,云南,22.10,100.10
景线,景线,域外,20.28,100.08
阿瓦,阿瓦城,域外,21.84,95.98
东吁,东吁,域外,18.95,96.45
白古,勃固,域外,17.33,96.48
莫塔马,马都八,域外,16.52,97.60
大城,阿瑜陀耶|暹罗,域外,14.35,100.58
万象,南掌,域外,17.97,102.60
琅勃拉邦,老挝,域外,19.88,102.14
景迈,清迈,域外,18.79,98.99
那霸,琉球,域外,26.21,127.68
首里,首里,域外,26.22,127.72
汉城,汉阳,域外,37.57,126.98
平壤,平壤,域外,39.02,125.75
朝鲜义州,义州(朝鲜),域外,39.98,124.55
南汉山城,南汉,域外,37.48,127.01
江华岛,江华,域外,37.71,126.42
承天府(台湾),东宁|天兴|承天(台湾),台湾,22.99,120.20
热兰遮,热兰遮城|安平,台湾,23.00,120.16
鹿耳门,鹿耳门,台湾,23.03,120.07
赤崁,普罗民遮,台湾,22.99,120.20
诸罗,诸罗县|嘉义,台湾,23.48,120.44
淡水,淡水,台湾,25.17,121.44
鸡笼,基隆,台湾,25.13,121.74
打狗,高雄,台湾,22.62,120.28
澎湖,澎湖,台湾,23.57,119.58
笨港,北港,台湾,23.57,120.23
琅峤,琅峤|恒春,台湾,22.00,120.74
大员,大员湾,台湾,23.00,120.15
舟山,舟山|翁洲,浙江,30.02,122.11
普陀,普陀山,浙江,30.00,122.38
昌国卫,昌国,浙江,29.85,122.15
石浦,石浦所,浙江,29.20,121.95
海门卫,海门(卫),浙江,28.70,121.45
盘石卫,盘石,浙江,28.10,120.85
金乡卫,金乡,浙江,27.55,120.60
观海卫,观海,浙江,30.15,121.45
临山卫,临山,浙江,30.20,121.05
沥海所,沥海,浙江,30.15,120.85
澉浦,澈浦,浙江,30.38,120.92
乍浦,乍浦,浙江,30.65,121.10
海坛,海坛岛|平潭,福建,25.50,119.80
南日岛,南日,福建,25.20,119.55
湄洲岛,湄洲,福建,25.10,119.12
金门,金门|语州屿,福建,24.43,118.32
厦门,中左所|嘉禾屿|思明州,福建,24.48,118.09
鼓浪屿,鼓浪屿,福建,24.45,118.06
烈屿,小金门,福建,24.43,118.25
浯屿,浯屿,福建,24.35,118.15
铜山,铜山所|东山,福建,23.70,117.43
南澳,南澳岛|南澳镇,广东,23.42,117.07
玄钟所,玄钟,福建,23.65,117.35
镇海卫,镇海,福建,24.22,118.00
六鳌所,六鳌,福建,23.92,117.75
崇武所,崇武,福建,24.88,118.92
永宁卫,永宁(福建),福建,24.68,118.72
福全所,福全,福建,24.62,118.58
围头,围头湾,福建,24.52,118.55
料罗湾,料罗,福建,24.42,118.35
安平港,安平港,福建,24.72,118.45
五虎门,五虎,福建,26.15,119.65
闽安镇,闽安,福建,26.12,119.52
马尾,马尾,福建,26.00,119.45
琅岐,琅岐,福建,26.10,119.60
三都澳,三都,福建,26.60,119.72
沙埕港,沙埕,福建,27.15,120.25
定海所,定海所,福建,26.35,119.80
梅花所,梅花,福建,26.20,119.95
松下,松下寨,福建,25.80,119.80
平海卫,平海,福建,25.20,119.15
莆禧所,莆禧,福建,25.12,119.05
高浦所,高浦,福建,24.62,118.08
大鹏所,大鹏,广东,22.58,114.52
南头寨,南头,广东,22.53,113.92
屯门,屯门,广东,22.38,113.95
虎门,虎门,广东,22.78,113.63
澳门,濠镜|香山澳,广东,22.15,113.55
大屿山,大屿山,广东,22.25,113.95
香港,香港,广东,22.32,114.17
石门,石门,广东,23.40,113.20
潖江口,潖江口,广东,23.70,113.35
羚羊峡,羚羊峡,广东,23.10,112.45
七星岩,七星岩,广东,23.07,112.47
海幢寺,海幢寺,广东,23.10,113.25
灵渠,兴安灵渠,广西,25.57,110.67
严关,严关,广西,25.60,110.62
大藤峡,大藤峡,广西,23.95,110.15
昆仑关,昆仑关,广西,22.75,108.45
镇南关,友谊关,广西,21.95,106.72
梅关,大庾岭|梅岭,江西,25.35,114.35
十八滩,赣江十八滩,江西,25.85,114.80
石钟山,石钟山,江西,29.72,116.22
虎跳峡,虎跳峡,云南,27.15,100.05
金沙江,金沙江,云南,26.60,100.30
鸭绿江,鸭绿江,域外,40.00,124.40
松花江,松花江,域外,44.00,126.00
混同江,黑龙江,域外,48.00,130.00
库页岛,苦夷,域外,50.50,142.50
尼布楚,尼布楚,域外,53.15,121.55
雅克萨,雅克萨,域外,53.45,122.30
呼伦贝尔,呼伦贝尔,域外,49.20,119.75
归化城,呼和浩特|库库和屯,域外,40.82,111.65
张家口,张家口,北直隶,40.82,114.90
独石口,独石,北直隶,41.25,115.75
多伦诺尔,多伦,域外,42.20,116.48
库伦,乌兰巴托,域外,47.90,106.90
和林,哈拉和林,域外,47.20,102.80
科布多,科布多,域外,48.00,89.90
克鲁伦河,克鲁伦,域外,47.50,110.00
鄂嫩河,鄂嫩,域外,49.00,110.50
恰克图,恰克图,域外,50.35,106.85
青海湖,西海,域外,36.90,100.10
恰卜恰,恰卜恰,域外,36.28,100.62
塔尔寺,塔尔寺,域外,36.48,101.56
拉萨,逻些|乌斯藏,域外,29.65,91.10
日喀则,日喀则,域外,29.25,88.88
昌都,察木多,域外,31.15,97.18
瓦尔喀,瓦尔喀,域外,45.00,132.00
虎尔哈,虎尔哈,域外,46.50,133.00
奴儿干,奴儿干,域外,53.00,139.00
对马,对马岛,域外,34.25,129.30
长崎,长崎,域外,32.75,129.87
平户,平户,域外,33.30,129.55
出岛,出岛,域外,32.74,129.87
马尼拉,吕宋,域外,14.60,120.98
巴达维亚,雅加达,域外,-6.20,106.85
马六甲,满剌加,域外,2.20,102.25
占城,占城,域外,11.90,109.15
安南,升龙|河内,域外,21.03,105.85
会安,会安,域外,15.88,108.33
真腊,柬埔寨,域外,11.55,104.92
柔佛,柔佛,域外,1.48,103.74
旧港,巨港,域外,-2.99,104.76
望加锡,望加锡,域外,-5.15,119.42
承天府,承天|兴都|钟祥|显陵,湖广,31.17,112.59
钟祥,钟祥县,湖广,31.17,112.59
吴桥,吴桥县,北直隶,37.65,116.39
长山,长山县,山东,36.88,117.88
滦州,滦州|滦县,北直隶,39.74,118.70
蕲州,蕲州|蕲春,湖广,30.22,115.44
吉安,吉安府|庐陵,江西,27.11,114.99
袁州,袁州府|宜春,江西,27.80,114.38
商河,商河县,山东,37.34,117.16
黄县,黄县|龙口,山东,37.65,120.52
川东,川东道|川东,四川,30.30,108.00
川北,川北道|川北,四川,31.40,105.90
瓜州,瓜洲|瓜州,南直隶,32.27,119.36
通山,通山县,湖广,29.59,114.52
通城,通城县,湖广,29.25,113.80
迁安,迁安县,北直隶,40.00,118.70
临邑,临邑县,山东,37.19,116.87
平度州,平度|平度州,山东,36.78,119.98
沙河,沙河县,北直隶,36.85,114.50
灵宝县,灵宝|弘农,河南,34.52,110.87
宝鸡县,宝鸡|陈仓,陕西,34.36,107.15
襄乐,襄乐,陕西,35.55,108.05
咸阳,咸阳县|渭城,陕西,34.35,108.71
泾阳,泾阳县,陕西,34.53,108.84
同官县,同官|铜川,陕西,35.11,109.08
陇州,陇州|陇县,陕西,34.90,106.86
三原,三原县,陕西,34.62,108.94
上津,上津,湖广,33.05,110.25
白羊山,白羊,四川,31.20,108.80
梓潼,梓潼县,四川,31.64,105.17
东平州,东平|东平州,山东,35.90,116.30
随州,随州|随县,湖广,31.71,113.37
应山,应山县,湖广,31.62,113.82
笔架山,笔架,辽东,41.02,121.22
螺山,螺山(蓟镇),北直隶,40.25,117.55
渭南,渭南县,陕西,34.50,109.51
华州,华州|华县,陕西,34.51,109.77
万县,万县|万州,四川,30.81,108.41
沔阳,沔阳州|沔阳,湖广,30.32,113.45
台湾,台湾岛,台湾,23.70,121.00
黄河,黄河|大河,河南,34.95,114.00
