北京,京师|顺天府|都城|京畿|北平,北直隶,39.90,116.40
南京,应天府|金陵|留都|江宁|白下,南直隶,32.06,118.80
西安府,西安|长安|咸宁,陕西,34.27,108.95
成都府,成都|益州|锦官城,四川,30.67,104.07
武昌府,武昌|江夏|鄂州,湖广,30.59,114.31
杭州府,杭州|钱塘|临安|武林,浙江,30.27,120.16
南昌府,南昌|豫章|洪都,江西,28.68,115.86
福州府,福州|闽县|三山|榕城,福建,26.07,119.30
广州府,广州|番禺|五羊,广东,23.13,113.26
桂林府,桂林|临桂|始安,广西,25.28,110.29
云南府,昆明|拓东|滇池,云南,25.04,102.72
贵阳府,贵阳|筑城,贵州,26.65,106.63
太原府,太原|阳曲|晋阳,山西,37.87,112.55
济南府,济南|历城,山东,36.67,117.02
开封府,开封|汴梁|汴京|汴,河南,34.80,114.31
河南,河南省|中州|中原,河南,34.80,114.31
山东,山东省|齐鲁,山东,36.67,117.02
山西,山西省|三晋,山西,37.87,112.55
陕西,陕西省|关中,陕西,34.27,108.95
湖广,湖广省|楚,湖广,30.59,114.31
江西,江西省|江右,江西,28.68,115.86
浙江,浙江省|两浙,浙江,30.27,120.16
福建,福建省|八闽,福建,26.07,119.30
广东,广东省|岭南,广东,23.13,113.26
广西,广西省,广西,25.28,110.29
四川,四川省|巴蜀|蜀,四川,30.67,104.07
云南,云南省|滇,云南,25.04,102.72
贵州,贵州省|黔,贵州,26.65,106.63
南直隶,南直隶|江南,南直隶,32.06,118.80
北直隶,北直隶|畿辅|京畿,北直隶,39.90,116.40
辽东,辽东都司|辽东,辽东,41.27,123.18
顺天府,顺天,北直隶,39.90,116.40
保定府,保定|清苑,北直隶,38.87,115.46
河间府,河间|瀛州,北直隶,38.44,116.09
真定府,真定|正定,北直隶,38.05,114.54
顺德府,顺德|邢台,北直隶,37.07,114.51
广平府,广平|永年,北直隶,36.71,114.74
大名府,大名|元城,北直隶,36.28,115.15
永平府,永平|卢龙,北直隶,39.89,118.90
宣府,宣府镇|宣化|上谷,北直隶,40.59,115.05
蓟州,蓟州镇|蓟县|渔阳,北直隶,40.05,117.41
遵化,遵化县,北直隶,40.19,117.97
通州,通州(北京)|潞县,北直隶,39.91,116.66
昌平,昌平州,北直隶,40.22,116.23
密云,密云县,北直隶,40.38,116.85
涿州,涿州|涿县,北直隶,39.48,116.00
霸州,霸州|霸县,北直隶,39.13,116.40
沧州,沧州|长芦,北直隶,38.30,116.84
景州,景州|景县,北直隶,37.69,116.27
定州,定州|中山,北直隶,38.51,114.99
冀州,冀州|信都,北直隶,37.55,115.56
赵州,赵州|赵县,北直隶,37.75,114.78
开州,开州|濮阳,北直隶,35.76,115.03
易州,易州|易县,北直隶,39.35,115.49
德州,德州|安德,山东,37.45,116.31
济宁,济宁州|任城,山东,35.41,116.59
临清,临清州,山东,36.84,115.71
兖州府,兖州|嵫阳|嵫县,山东,35.55,116.78
东昌府,东昌|聊城|武阳,山东,36.46,115.99
青州府,青州|益都,山东,36.68,118.48
登州府,登州|蓬莱,山东,37.81,120.76
莱州府,莱州|掖县,山东,37.18,119.94
泰安州,泰安|泰山,山东,36.20,117.09
曹州,曹州|菏泽,山东,35.23,115.48
沂州,沂州|临沂|琅琊,山东,35.10,118.35
胶州,胶州|胶澳,山东,36.26,120.00
潍县,潍州|潍县,山东,36.71,119.16
诸城,诸城|东武,山东,36.00,119.40
安丘,安丘|安邱,山东,36.48,119.21
莒州,莒州|莒县,山东,35.58,118.83
即墨,即墨,山东,36.39,120.45
滕县,滕县|滕州,山东,35.08,117.16
峄县,峄县|枣庄,山东,34.80,117.56
曲阜,曲阜|阙里,山东,35.60,116.99
郯城,郯城,山东,34.62,118.36
费县,费县,山东,35.27,117.97
沂水,沂水,山东,35.79,118.63
日照,日照,山东,35.42,119.53
莱阳,莱阳,山东,36.98,120.71
宁海州,宁海|牟平,山东,37.38,121.60
文登,文登,山东,37.20,122.05
大同府,大同|云中|平城,山西,40.09,113.30
平阳府,平阳|临汾|尧都,山西,36.09,111.52
潞安府,潞安|长治|上党,山西,36.20,113.12
汾州府,汾州|汾阳|西河,山西,37.27,111.78
泽州,泽州|晋城,山西,35.50,112.85
沁州,沁州|沁县,山西,36.76,112.70
辽州,辽州|左权|辽阳,山西,37.08,113.38
代州,代州|代县|雁门,山西,39.07,112.96
忻州,忻州|秀容,山西,38.42,112.73
朔州,朔州|马邑,山西,39.32,112.43
应州,应州|应县,山西,39.55,113.19
浑源州,浑源|浑源州,山西,39.69,113.69
蔚州,蔚州|蔚县,山西,39.84,114.57
岢岚州,岢岚|岢岚州,山西,38.70,111.57
保德州,保德|保德州,山西,39.01,111.08
永宁州,永宁州|离石|石州,山西,37.52,111.14
蒲州,蒲州|河中|蒲坂,山西,34.80,110.42
解州,解州|解县,山西,35.07,110.99
绛州,绛州|新绛,山西,35.61,111.22
霍州,霍州|霍县,山西,36.57,111.72
隰州,隰州|隰县,山西,36.69,110.94
吉州,吉州|吉县,山西,36.10,110.68
平定州,平定|平定州,山西,37.80,113.63
兴县,兴县,山西,38.46,111.13
静乐,静乐,山西,38.36,111.94
宁武,宁武县,山西,39.00,112.30
阳城,阳城,山西,35.49,112.42
高平,高平|长平,山西,35.80,112.93
长子,长子,山西,36.12,112.88
沁源,沁源,山西,36.50,112.34
武乡,武乡,山西,36.83,112.87
和顺,和顺,山西,37.33,113.57
榆社,榆社,山西,37.07,112.98
介休,介休|介州,山西,37.03,111.92
平遥,平遥|平陶,山西,37.20,112.18
祁县,祁县,山西,37.36,112.33
太谷,太谷,山西,37.42,112.55
榆次,榆次,山西,37.69,112.70
寿阳,寿阳,山西,37.89,113.17
盂县,盂县,山西,38.09,113.41
文水,文水,山西,37.43,112.03
交城,交城,山西,37.55,112.16
清源,清源,山西,37.60,112.35
徐沟,徐沟,山西,37.62,112.52
洪洞,洪洞|洪桐,山西,36.25,111.68
灵石,灵石,山西,36.85,111.79
翼城,翼城,山西,35.74,111.72
曲沃,曲沃,山西,35.64,111.48
闻喜,闻喜,山西,35.35,111.22
夏县,夏县,山西,35.14,111.22
平陆,平陆,山西,34.84,111.22
芮城,芮城,山西,34.70,110.69
垣曲,垣曲,山西,35.30,111.67
绛县,绛县,山西,35.49,111.57
浮山,浮山,山西,35.97,111.85
乡宁,乡宁,山西,35.97,110.85
蒲县,蒲县,山西,36.41,111.10
大宁,大宁县,山西,36.46,110.76
永和,永和县,山西,36.76,110.63
屯留,屯留,山西,36.32,112.89
襄垣,襄垣,山西,36.54,113.05
黎城,黎城,山西,36.51,113.39
潞城,潞城,山西,36.32,113.22
壶关,壶关,山西,36.12,113.21
平顺,平顺,山西,36.20,113.44
陵川,陵川,山西,35.78,113.28
沁水,沁水,山西,35.69,112.16
灵丘,灵丘,山西,39.44,114.23
广昌,广昌|涞源,山西,39.36,114.69
怀仁,怀仁,山西,39.83,113.10
山阴,山阴县,山西,39.53,112.81
马邑县,马邑县,山西,39.33,112.47
荣河,荣河,山西,35.41,110.60
万泉,万泉,山西,35.36,110.83
猗氏,猗氏,山西,35.14,110.77
临晋,临晋,山西,35.14,110.39
稷山,稷山,山西,35.60,110.98
河津,河津,山西,35.60,110.71
岳阳,岳阳|安泽,山西,36.16,112.25
赵城,赵城,山西,36.40,111.67
河南府,河南府|洛阳|洛邑|雒阳,河南,34.62,112.45
南阳府,南阳|宛城,河南,33.00,112.53
归德府,归德|商丘|宋城,河南,34.44,115.65
汝宁府,汝宁|汝阳,河南,33.01,114.61
怀庆府,怀庆|河内|沁阳,河南,35.09,112.94
卫辉府,卫辉|汲县|牧野,河南,35.40,114.05
彰德府,彰德|安阳|邺城,河南,36.10,114.35
汝州,汝州|临汝,河南,34.16,112.84
许州,许州|许昌|颍川,河南,34.04,113.85
禹州,禹州|阳翟|钧州,河南,34.14,113.48
陈州,陈州|淮阳|宛丘,河南,33.73,114.89
郑州,郑州|管城,河南,34.75,113.63
睢州,睢州|睢县,河南,34.42,115.07
杞县,杞县|雍丘,河南,34.78,114.78
太康,太康,河南,34.07,114.84
扶沟,扶沟,河南,34.06,114.39
鄢陵,鄢陵,河南,34.11,114.18
尉氏,尉氏,河南,34.37,114.19
兰阳,兰阳|兰考,河南,34.82,114.82
封丘,封丘,河南,35.04,114.41
延津,延津,河南,35.15,114.20
滑县,滑县|白马,河南,35.58,114.52
浚县,浚县|黎阳,河南,35.67,114.55
内黄,内黄,河南,35.95,114.90
汤阴,汤阴|羑里,河南,35.92,114.36
临漳,临漳|邺,河南,36.35,114.62
林县,林县|林州,河南,36.08,113.82
武安,武安,河南,36.70,114.20
涉县,涉县,河南,36.58,113.68
辉县,辉县|共城,河南,35.46,113.80
新乡,新乡,河南,35.31,113.87
获嘉,获嘉,河南,35.26,113.65
淇县,淇县|朝歌,河南,35.61,114.20
考城,考城,河南,34.80,115.10
柘城,柘城,河南,34.07,115.30
宁陵,宁陵,河南,34.45,115.32
夏邑,夏邑,河南,34.24,116.13
永城,永城,河南,33.93,116.45
虞城,虞城,河南,34.40,115.86
鹿邑,鹿邑|苦县,河南,33.86,115.48
项城,项城,河南,33.45,114.90
沈丘,沈丘,河南,33.40,115.09
商水,商水,河南,33.54,114.61
西平,西平,河南,33.38,114.02
遂平,遂平|濯阳,河南,33.15,114.01
确山,确山|朗陵,河南,32.80,114.02
信阳州,信阳|义阳,河南,32.15,114.09
罗山,罗山,河南,32.20,114.53
光州,光州|潢川,河南,32.13,115.05
光山,光山,河南,32.01,114.91
固始,固始,河南,32.18,115.65
商城,商城,河南,31.80,115.41
息县,息县,河南,32.34,114.74
新蔡,新蔡,河南,32.75,114.97
上蔡,上蔡,河南,33.26,114.26
临颍,临颍,河南,33.81,113.94
郾城,郾城,河南,33.59,114.00
长葛,长葛,河南,34.22,113.77
襄城,襄城|襄邑,河南,33.85,113.50
宝丰,宝丰,河南,33.87,113.06
鲁山,鲁山|鲁阳,河南,33.74,112.90
嵩县,嵩县|嵩州,河南,34.14,112.09
卢氏,卢氏,河南,34.05,111.05
永宁,永宁|洛宁,河南,34.39,111.65
宜阳,宜阳,河南,34.52,112.17
新安,新安,河南,34.73,112.14
孟津,孟津|河阳,河南,34.83,112.45
偃师,偃师|亳城,河南,34.73,112.79
巩县,巩县|巩义,河南,34.75,112.98
登封,登封|嵩高,河南,34.45,113.05
密县,密县|新密,河南,34.54,113.39
荥阳,荥阳县|荥泽,河南,34.79,113.39
河阴,河阴,河南,34.76,113.35
汜水,汜水|虎牢,河南,34.85,113.22
裕州,裕州|方城,河南,33.26,112.99
唐县,唐县|唐河,河南,32.69,112.84
邓州,邓州|穰县,河南,32.68,112.09
内乡,内乡,河南,33.05,111.85
新野,新野,河南,32.52,112.36
淅川,淅川,河南,33.13,111.48
镇平,镇平,河南,33.03,112.23
泌阳,泌阳|泌县,河南,32.92,113.32
桐柏,桐柏,河南,32.37,113.41
舞阳,舞阳,河南,33.43,113.61
叶县,叶县|昆阳,河南,33.62,113.36
渑池县,渑池县,河南,34.77,111.77
伊阳,伊阳|汝阳,河南,34.16,112.47
原武,原武,河南,35.05,113.80
阳武,阳武,河南,35.04,114.04
陈留,陈留,河南,34.78,114.54
通许,通许,河南,34.48,114.52
中牟,中牟,河南,34.72,114.02
仪封,仪封,河南,34.75,114.98
扬州,扬州府|广陵|江都|维扬,南直隶,32.39,119.42
襄阳,襄阳府|襄樊|襄州,湖广,32.01,112.12
锦州,锦州卫|锦州,辽东,41.10,121.13
凤阳府,凤阳|中都|濠州,南直隶,32.87,117.53
绍兴,绍兴府|会稽|山阴|越州,浙江,30.00,120.58
重庆,重庆府|渝州|巴县,四川,29.56,106.55
苏州府,苏州|吴县|长洲|姑苏|吴门,南直隶,31.30,120.62
淮安,淮安府|山阳|淮阴|清江浦,南直隶,33.50,119.14
九江,九江府|浔阳|江州|德化,江西,29.71,116.00
庐州府,庐州|合肥,南直隶,31.82,117.23
松江府,松江|华亭|云间,南直隶,31.00,121.22
分宜,分宜县,江西,27.81,114.67
察哈尔,察哈尔|插汉|插罕,域外,41.30,114.50
徐州,徐州|彭城,南直隶,34.26,117.19
泗州,泗州|泗州城,南直隶,33.10,118.55
郧阳,郧阳府|郧县,湖广,32.85,110.82
宁古塔,宁古塔|宁安,域外,44.58,129.38
谷城,谷城|筑阳,湖广,32.26,111.66
夔州,夔州府|奉节|白帝|夔门,四川,31.02,109.46
乳峰山,乳峰,辽东,41.03,121.10
荆州,荆州府|江陵,湖广,30.35,112.24
长沙,长沙府|善化|潭州|星沙,湖广,28.23,112.94
芜湖,芜湖县,南直隶,31.34,118.43
宁夏,宁夏卫|宁夏镇|银川,陕西,38.49,106.23
颍州,颍州|阜阳,南直隶,32.89,115.82
托里图,托里图|托里,域外,42.50,112.00
房县,房县|房州,湖广,32.06,110.74
大昌,大昌|大昌县,四川,31.27,109.82
广鹿岛,广鹿,辽东,39.67,122.43
泉州,泉州府|晋江|温陵|刺桐,福建,24.87,118.68
凤县,凤县|凤州,陕西,33.91,106.52
巩昌府,巩昌|陇西,陕西,35.00,104.64
大草滩,大草滩,甘肃,38.43,100.81
真宁县,真宁|正宁,陕西,35.49,108.36
富平县,富平,陕西,34.75,109.18
凤翔府,凤翔|雍城,陕西,34.36,107.24
六安州,六安|六安州,南直隶,31.75,116.51
滁州,滁州|滁阳,南直隶,32.30,118.32
黄州府,黄州|黄冈|齐安,湖广,30.45,114.87
陕州,陕州|陕县,河南,34.78,111.19
罗猴山,罗猴,湖广,32.05,110.95
太平,太平县|万源,四川,32.07,108.03
巫山,巫山|巫峡,四川,31.07,109.87
英山,英山,湖广,30.74,115.68
归州,归州|秭归,湖广,31.02,110.98
开县,开县,四川,31.15,108.38
达州,达州|达县|通川,四川,31.21,107.50
沙市,沙市|沙头,湖广,30.32,112.25
江阴,江阴|暨阳,南直隶,31.92,120.29
叙州,叙州府|宜宾|戎州,四川,28.77,104.62
石柱,石砫|石砫宣抚司,四川,30.00,108.11
宁波,宁波府|鄞县|四明|明州,浙江,29.87,121.55
余姚,余姚|姚江,浙江,30.04,121.15
夷陵,夷陵州|宜昌|峡州,湖广,30.69,111.29
汉阳,汉阳府|汉阳|沔口,湖广,30.55,114.22
汉口,汉口|夏口,湖广,30.58,114.27
岳州,岳州府|巴陵|岳阳,湖广,29.36,113.13
常德,常德府|武陵|朗州,湖广,29.05,111.70
宝庆,宝庆府|邵阳|邵陵,湖广,27.24,111.47
衡阳,衡州府|衡阳|回雁,湖广,26.89,112.57
永州,永州府|零陵,湖广,26.42,111.61
辰州,辰州府|沅陵,湖广,28.00,110.98
沅州,沅州|卢阳|芷江,湖广,27.57,109.75
靖州,靖州|渠阳,湖广,26.58,109.69
郴州,郴州|桂阳郡,湖广,25.79,113.02
黄州,黄州,湖广,30.45,114.87
建宁,建宁府|建安|瓯宁|建州,福建,27.03,118.32
兴化,兴化府|莆田|莆阳,福建,25.43,119.01
汀州,汀州府|长汀,福建,25.83,116.36
延平,延平府|南平,福建,26.64,118.18
邵武,邵武府|昭武,福建,27.34,117.48
福宁,福宁州|霞浦,福建,26.88,119.99
惠州,惠州府|归善|循州,广东,23.11,114.42
潮州,潮州府|海阳|潮州城,广东,23.66,116.62
肇庆,肇庆府|高要|端州,广东,23.05,112.47
南雄,南雄府|保昌,广东,25.12,114.31
高州,高州府|茂名|高凉,广东,21.92,110.85
雷州,雷州府|海康,广东,20.92,110.10
廉州,廉州府|合浦,广东,21.66,109.20
琼州,琼州府|琼山,广东,20.03,110.35
梧州,梧州府|苍梧,广西,23.48,111.28
柳州,柳州府|马平|龙城,广西,24.33,109.42
南宁,南宁府|宣化|邕州,广西,22.82,108.32
浔州,浔州府|桂平,广西,23.39,110.08
平乐,平乐府|平乐,广西,24.63,110.67
庆远,庆远府|宜山,广西,24.49,108.38
思恩,思恩府|武缘,广西,23.30,108.10
大理,大理府|太和|叶榆,云南,25.60,100.27
曲靖,曲靖府|南宁,云南,25.49,103.80
临安,临安府|建水,云南,23.62,102.83
楚雄,楚雄府|威楚,云南,25.03,101.55
蒙化,蒙化|巍山,云南,25.23,100.31
姚安,姚安府|姚州,云南,25.54,101.24
元江,元江府|因远,云南,23.60,101.99
丽江,丽江府|通安,云南,26.87,100.23
鹤庆,鹤庆府,云南,26.56,100.18
景东,景东府|开南,云南,24.45,100.84
广南,广南府,云南,24.04,105.07
寻甸,寻甸府|仁德,云南,25.56,103.26
武定,武定府|和曲,云南,25.54,102.40
镇远,镇远府,贵州,27.05,108.43
都匀,都匀府|都云,贵州,26.26,107.52
思南,思南府|水德江,贵州,27.94,108.26
思州,思州|岑巩,贵州,27.21,108.81
石阡,石阡府,贵州,27.52,108.23
铜仁,铜仁府|铜人,贵州,27.72,109.19
黎平,黎平府|五开,贵州,26.23,109.14
普安,普安州|盘州,贵州,25.71,104.83
安顺,安顺府|普定,贵州,26.25,105.93
镇宁,镇宁州,贵州,26.06,105.77
遵义,遵义府|播州,贵州,27.70,106.92
平越,平越府|福泉,贵州,26.70,107.51
黄平,黄平州,贵州,26.90,107.90
大定,大定府|大方,贵州,27.14,105.61
威宁,威宁州|乌撒,贵州,26.86,104.28
毕节,毕节,贵州,27.30,105.28
顺庆,顺庆府|南充|果州,四川,30.80,106.08
保宁,保宁府|阆中,四川,31.58,106.01
绵州,绵州|绵阳,四川,31.47,104.68
剑州,剑州|剑门,四川,32.28,105.52
利州,利州|广元|绵谷,四川,32.44,105.84
昭化,昭化,四川,32.33,105.70
巴州,巴州|巴中,四川,31.86,106.75
通江,通江,四川,31.91,107.24
梁山,梁山|梁平,四川,30.68,107.80
忠州,忠州|忠县,四川,30.30,108.04
涪州,涪州|涪陵,四川,29.71,107.39
合州,合州|合川,四川,29.97,106.28
泸州,泸州|江阳,四川,28.89,105.44
叙永,永宁宣抚司|永宁卫,四川,28.17,105.44
雅州,雅州|雅安,四川,29.98,103.00
邛州,邛州|邛崃,四川,30.41,103.46
眉州,眉州|眉山,四川,30.05,103.85
嘉定,嘉定州|乐山,四川,29.56,103.76
荣县,荣县|荣州,四川,29.44,104.42
内江,内江,四川,29.58,105.06
资州,资州|资阳,四川,29.81,104.85
简州,简州|简阳,四川,30.41,104.55
汉州,汉州|广汉,四川,30.98,104.29
什邡,什邡,四川,31.13,104.17
绵竹,绵竹,四川,31.34,104.20
德阳,德阳,四川,31.13,104.40
罗江,罗江,四川,31.50,104.43
安县,安县,四川,31.64,104.56
彭县,彭县,四川,30.99,103.94
灌县,灌县,四川,31.00,103.62
新都,新都,四川,30.82,104.16
金堂,金堂,四川,30.86,104.43
双流,双流,四川,30.57,103.92
温江,温江,四川,30.68,103.84
郫县,郫县,四川,30.81,103.90
新津,新津,四川,30.41,103.81
大邑,大邑,四川,30.59,103.51
蒲江,蒲江,四川,30.20,103.51
名山,名山,四川,30.08,103.06
洪雅,洪雅,四川,29.91,103.37
夹江,夹江,四川,29.74,103.57
峨眉,峨眉县|峨眉山,四川,29.60,103.48
犍为,犍为,四川,29.21,103.94
南溪,南溪,四川,28.85,104.98
长宁,长宁,四川,28.58,104.92
高县,高县,四川,28.43,104.52
珙县,珙县,四川,28.41,104.71
兴文,兴文,四川,28.33,105.12
隆昌,隆昌,四川,29.34,105.29
纳溪,纳溪,四川,28.77,105.37
合江,合江,四川,28.81,105.83
江安,江安,四川,28.72,105.24
大足,大足,四川,29.70,105.72
荣昌,荣昌,四川,29.40,105.59
永川,永川,四川,29.36,105.93
璧山,璧山,四川,29.59,106.23
铜梁,铜梁,四川,29.84,106.06
遂宁,遂宁|遂州,四川,30.53,105.59
蓬溪,蓬溪,四川,30.75,105.71
中江,中江,四川,31.03,104.68
射洪,射洪,四川,30.87,105.39
盐亭,盐亭,四川,31.22,105.39
乐至,乐至,四川,30.28,105.03
安岳,安岳,四川,30.10,105.34
岳池,岳池,四川,30.54,106.44
广安,广安州|賨城,四川,30.46,106.63
渠县,渠县|宕渠,四川,30.84,106.97
大竹,大竹,四川,30.74,107.20
邻水,邻水,四川,30.33,106.93
垫江,垫江,四川,30.33,107.35
酆都,酆都|丰都,四川,29.86,107.73
黔江,黔江,四川,29.53,108.77
彭水,彭水,四川,29.29,108.17
酉阳,酉阳宣抚司|酉阳,四川,28.84,108.77
马湖府,马湖|屏山,四川,28.66,104.15
沐川,沐川,四川,28.92,103.90
峨边,峨边,四川,29.23,103.25
乌蒙,乌蒙府|昭通,四川,27.34,103.72
东川,东川府|会泽,四川,26.41,103.29
镇雄,镇雄府|芒部,四川,27.44,104.87
湄潭,湄潭,贵州,27.76,107.48
瓮安,瓮安,贵州,27.07,107.47
余庆,余庆,贵州,27.22,107.89
真安州,真安|正安,贵州,28.55,107.44
绥阳,绥阳,贵州,27.95,107.19
仁怀,仁怀,贵州,27.89,106.40
桐梓,桐梓,贵州,28.13,106.82
施州卫,施州|恩施,湖广,30.28,109.48
河套,河套|鄂尔多斯,域外,40.20,109.00
贺兰山,贺兰,域外,38.60,105.95
科尔沁,科尔沁,域外,44.00,122.00
蒙古,蒙古|漠北|鞑靼,域外,46.00,105.00
朝鲜,朝鲜|李朝,域外,37.57,126.98
缅甸,缅甸|缅,域外,21.84,95.98
日本,日本|东瀛,域外,35.68,139.77
青海,青海|西海,域外,36.60,100.00
哈密,哈密,域外,42.83,93.52
吐鲁番,吐鲁番|高昌,域外,42.95,89.19
洮州卫,洮州|临潭,陕西,34.59,103.35
岷州卫,岷州|岷县,陕西,34.44,104.04
河州,河州|临夏,陕西,35.60,103.21
庄浪卫,庄浪|永登,陕西,36.73,103.26
镇番卫,镇番|民勤,陕西,38.62,103.09
永昌卫,永昌卫,陕西,38.24,101.97
山丹卫,山丹卫|山丹,陕西,38.79,101.08
高台所,高台,陕西,39.38,99.81
古浪所,古浪,陕西,37.47,102.89
凤翔,凤翔县,陕西,34.36,107.24
嘉兴,嘉兴府|秀水|禾城,浙江,30.75,120.76
湖州,湖州府|乌程|归安,浙江,30.89,120.09
台州,台州府|临海|赤城,浙江,28.86,121.13
金华,金华府|婺州,浙江,29.08,119.65
衢州,衢州府|西安|三衢,浙江,28.97,118.87
温州,温州府|永嘉|东瓯,浙江,28.00,120.67
处州,处州府|丽水|括苍,浙江,28.47,119.92
严州,严州府|建德|睦州,浙江,29.48,119.28
池州,池州府|贵池|秋浦,南直隶,30.66,117.49
宁国,宁国府|宣城,南直隶,30.94,118.76
徽州,徽州府|歙县|新安,南直隶,29.87,118.44
安庆,安庆府|怀宁|皖城,南直隶,30.51,117.05
太平府,太平府|当涂,南直隶,31.33,118.50
广德,广德州,南直隶,30.89,119.42
宿州,宿州,南直隶,33.64,116.98
亳州,亳州|谯城,南直隶,33.85,115.77
寿州,寿州|寿县|寿春,南直隶,32.58,116.79
盱眙,盱眙,南直隶,33.02,118.51
和州,和州|历阳,南直隶,31.70,118.37
邳州,邳州|下邳,南直隶,34.34,117.97
宿迁,宿迁,南直隶,33.96,118.28
桃源,桃源|泗阳,南直隶,33.73,118.68
海州,海州|朐县,南直隶,34.57,119.23
颍上,颍上,南直隶,32.63,116.26
太和县,太和县,南直隶,33.16,115.62
蒙城,蒙城,南直隶,33.26,116.56
怀远县,怀远县,南直隶,32.97,117.20
定远,定远县,南直隶,32.53,117.69
灵璧,灵璧,南直隶,33.55,117.55
萧县,萧县,南直隶,34.19,116.94
砀山,砀山,南直隶,34.42,116.35
丰县,丰县,南直隶,34.70,116.60
沛县,沛县,南直隶,34.73,116.93
睢宁,睢宁,南直隶,33.89,117.95
沐阳,沐阳|沭阳,南直隶,34.12,118.77
赣榆,赣榆,南直隶,34.84,119.12
盐城,盐城,南直隶,33.35,120.16
安东,安东|涟水,南直隶,33.78,119.26
清河县,清河县|清江浦,南直隶,33.60,119.02
兴化县,兴化县,南直隶,32.94,119.85
宝应,宝应,南直隶,33.23,119.36
高邮州,高邮|高邮州,南直隶,32.79,119.45
泰州,泰州|海陵,南直隶,32.46,119.92
如皋,如皋,南直隶,32.39,120.56
通州州,通州|南通|静海,南直隶,32.01,120.87
海门县,海门县|海门,南直隶,31.87,121.17
崇明县,崇明县|崇明岛,南直隶,31.62,121.40
嘉定县,嘉定县|嘉定,南直隶,31.38,121.25
太仓州,太仓|太仓州,南直隶,31.45,121.11
昆山,昆山|娄县,南直隶,31.39,120.98
常熟,常熟|琴川,南直隶,31.65,120.75
吴江,吴江|松陵,南直隶,31.16,120.64
上海县,上海县|上海,南直隶,31.23,121.47
青浦,青浦,南直隶,31.15,121.12
武进,武进|常州府|常州|延陵,南直隶,31.81,119.97
无锡,无锡|梁溪,南直隶,31.57,120.30
宜兴,宜兴|荆溪,南直隶,31.34,119.82
靖江,靖江,南直隶,32.02,120.27
镇江府,镇江|丹徒|京口,南直隶,32.19,119.45
丹阳,丹阳|曲阿,南直隶,32.00,119.58
金坛,金坛,南直隶,31.72,119.57
句容,句容,南直隶,31.95,119.16
溧水,溧水,南直隶,31.65,119.02
溧阳,溧阳,南直隶,31.43,119.48
高淳,高淳,南直隶,30.88,118.87
江浦,江浦,南直隶,32.07,118.63
六合,六合,南直隶,32.34,118.85
仪真,仪真|仪征,南直隶,32.27,119.18
泰兴,泰兴,南直隶,32.17,120.02
天长,天长,南直隶,32.68,118.99
桐城,桐城|桐国,南直隶,31.06,116.95
潜山,潜山|皖山,南直隶,30.63,116.58
太湖县,太湖县,南直隶,30.45,116.31
宿松,宿松,南直隶,30.15,116.12
望江,望江,南直隶,30.15,116.69
舒城,舒城,南直隶,31.46,116.94
庐江,庐江,南直隶,31.26,117.29
无为州,无为|无为州,南直隶,31.29,117.91
巢县,巢县|巢湖,南直隶,31.60,117.87
霍山,霍山,南直隶,31.41,116.33
全椒,全椒,南直隶,32.09,118.27
来安,来安,南直隶,32.42,118.44
含山,含山,南直隶,31.73,118.11
繁昌,繁昌,南直隶,31.08,118.20
南陵,南陵,南直隶,30.92,118.33
泾县,泾县,南直隶,30.69,118.42
宁国县,宁国县,南直隶,30.62,118.98
旌德,旌德,南直隶,30.29,118.54
石埭,石埭|石台,南直隶,30.21,117.48
青阳,青阳,南直隶,30.64,117.86
铜陵,铜陵,南直隶,30.96,117.79
建德县,建德县|东至,南直隶,30.10,117.02
东流,东流,南直隶,30.09,116.99
婺源,婺源,南直隶,29.25,117.86
休宁,休宁,南直隶,29.79,118.18
祁门,祁门,南直隶,29.86,117.72
黟县,黟县|黟县,南直隶,29.92,118.19
绩溪,绩溪,南直隶,30.07,118.60
建平,建平|郎溪,南直隶,31.13,119.18
英山县,英山县,湖广,30.74,115.68
霍丘,霍丘|霍邱,南直隶,32.35,116.28
临淮,临淮,南直隶,32.90,117.60
五河,五河,南直隶,33.14,117.68
虹县,虹县|泗县,南直隶,33.48,117.92
定远县,定远县,南直隶,32.53,117.69
颍上县,颍上县,南直隶,32.63,116.26
